,PortId,BE PORT_NA,WPI PORT_N,PortCode,COUNTRY,COUNTRY_NA,Lat,Long,count,Cluster,new_PortCode,geometry
0,1,Singapore,JURONG ISLAND,SGSIN,SG,SINGAPORE,1.262826679,103.8412083,2701,,SGSIN,POINT (103.8412083 1.262826679)
1,2,Rotterdam,ROTTERDAM,NLRTM,NL,NETHERLANDS,51.90241106,4.474164282,2689,,NLRTM,POINT (4.474164282 51.90241106)
2,145,Malta,VALLETTA HARBORS,MTMLA,MT,MALTA,35.8926907,14.5145105,2495,,MTMLA,POINT (14.5145105 35.8926907)
3,6,Hong Kong,HONG KONG,HKHKG,HK,HONG KONG,22.30162433,114.0934746,2400,,HKHKG,POINT (114.0934746 22.30162433)
4,39,Busan,PUSAN,KRPUS,KR,KOREA,35.10165021,129.0689098,2287,,KRPUS,POINT (129.0689098 35.10165021)
5,7,Houston,HOUSTON,USHOU,US,UNITED STATES,29.74369696,-95.28313988,2232,,USHOU,POINT (-95.28313987999999 29.74369696)
6,4,Fujairah,FUJAYRAH HARBOR,AEFJR,AE,ARAB EMIRATES,25.17885294,56.35864232,2185,,AEFJR,POINT (56.35864232 25.17885294)
7,30,Gibraltar,EUROPA POINT,GIGIB,GI,GIBRALTAR,36.13633696,-5.357136338,2153,Gibraltar,GIGIB/ESALG,POINT (-5.357136338 36.13633696)
8,66,Durban,DURBAN,ZADUR,ZA,SOUTH AFRICA,-29.87487271,31.02263586,2104,,ZADUR,POINT (31.02263586 -29.87487271)
9,31,New York,NEW YORK CITY,USNYC,US,UNITED STATES,40.70946719,-74.02460634,1947,,USNYC,POINT (-74.02460634000001 40.70946719)
10,68,Istanbul,ISTANBUL,TRIST,TR,TURKEY,41.02605672,28.98392646,1940,,TRIST,POINT (28.98392646 41.02605672)
11,14,Balboa,BALBOA,PABLB,PA,PANAMA,8.964798604,-79.57027189,1925,,PABLB,POINT (-79.57027189 8.964798604)
12,87,Shanghai,SHANGHAI,CNSHG,CN,CHINA,31.26471276,121.5518799,1904,,CNSHG,POINT (121.5518799 31.26471276)
13,49,Piraeus,PIRAIEVS,GRPIR,GR,GREECE,37.9405427,23.62966407,1844,,GRPIR,POINT (23.62966407 37.9405427)
"14,89,""St. Petersburg, Russia"",SANKT-PETERBURG,RULED,RU,RUSSIA,59.88535711,30.1824835,1829,,RULED,POINT (30.1824835 59.88535711)"
15,45,Las Palmas,LAS PALMAS,ESLPA,ES,SPAIN,28.12603096,-15.42712762,1800,,ESLPA,POINT (-15.42712762 28.12603096)
16,334,Hamburg,HAMBURG,DEHAM,DE,GERMANY,53.54054636,9.930820039,1797,,DEHAM,POINT (9.930820039 53.54054636)
17,53,Skaw (Skagen),SKAGEN HAVN,DKSKW,DK,DENMARK,57.79102233,10.74113559,1701,,DKSKW,POINT (10.74113559 57.79102233)
18,19,New Orleans,NEW ORLEANS,USMSY,US,UNITED STATES,29.91265047,-90.09091978,1682,,USMSY,POINT (-90.09091977999999 29.91265047)
19,3,Antwerp,ANTWERPEN,BEANR,BE,BELGIUM,51.27559202,4.314640978,1657,,BEANR,POINT (4.314640978 51.27559202)
20,33,Panama Canal,PANAMA CANAL,PAPAT,PA,PANAMA,9.266675904,-79.92386605,1602,Panama Canal,PAPAT/PACTB/MXZLO,POINT (-79.92386605 9.266675904)
21,76,Los Angeles,LOS ANGELES,USLAX,US,UNITED STATES,33.7136324,-118.2657654,1576,Los Angeles,USLAX/USLGB,POINT (-118.2657654 33.7136324)
"22,168,""Vancouver, BC"",VANCOUVER,CAVAN,CA,CANADA,49.29711836,-123.0717346,1444,,CAVAN,POINT (-123.0717346 49.29711836)"
23,64,Cape Town,CAPE TOWN,ZACPT,ZA,SOUTH AFRICA,-33.91483455,18.43266781,1431,,ZACPT,POINT (18.43266781 -33.91483455)
24,338,Mumbai,MUMBAI (BOMBAY),INBOM,IN,INDIA,18.94055841,72.8471727,1307,,INBOM,POINT (72.8471727 18.94055841)
25,392,Tubarao,PORTOCEL,BRTTE,BR,BRAZIL,-20.29273017,-40.24237175,1288,Tubarao,BRTTE/BRVIT,POINT (-40.24237175 -20.29273017)
26,388,Tubarao,TUBARAO,BRTTE,BR,BRAZIL,-20.29273017,-40.24237175,1288,Tubarao,BRTTE/BRVIT,POINT (-40.24237175 -20.29273017)
27,62,Buenos Aires,BUENOS AIRES,ARBUE,AR,ARGENTINA,-34.59288167,-58.35894224,1228,,ARBUE,POINT (-58.35894224 -34.59288167)
28,48,Philadelphia,PHILADELPHIA,USPHL,US,UNITED STATES,39.92652651,-75.13496542,1225,,USPHL,POINT (-75.13496542 39.92652651)
29,56,Tokyo,TOKYO KO,JPTYO,JP,JAPAN,35.64495725,139.7622742,1221,,JPTYO,POINT (139.7622742 35.64495725)
30,350,Colombo,COLOMBO,LKCMB,LK,SRI LANKA,6.947891295,79.83751163,1182,,LKCMB,POINT (79.83751162999999 6.947891295)
31,25,Algeciras,ALGECIRAS,ESALG,ES,SPAIN,36.12770912,-5.442101097,1168,Gibraltar,GIGIB/ESALG,POINT (-5.442101097 36.12770912)
32,253,Montevideo,MONTEVIDEO,UYMVD,UY,URUGUAY,-34.89929606,-56.21050865,1165,,UYMVD,POINT (-56.21050865 -34.89929606)
33,116,Genoa,GENOVA,ITGOA,IT,ITALY,44.39926152,8.923315032,1145,,ITGOA,POINT (8.923315032 44.39926152)
34,32,Novorossiysk,NOVOROSSIYSK,RUNVS,RU,RUSSIA,44.73389435,37.78974884,1120,,RUNVS,POINT (37.78974884 44.73389435)
35,181,Augusta,AUGUSTA,ITAUG,IT,ITALY,37.20033774,15.18461336,1117,,ITAUG,POINT (15.18461336 37.20033774)
36,21,Vladivostok,VLADIVOSTOK,RUVVO,RU,RUSSIA,43.10059433,131.8791431,1110,,RUVVO,POINT (131.8791431 43.10059433)
"37,195,""Cartagena, Colombia"",CARTAGENA,COCTG,CO,COLOMBIA,10.40501736,-75.53796786,1105,,COCTG,POINT (-75.53796785999999 10.40501736)"
38,330,Zhoushan,ZHOUSHAN,CNZOS,CN,CHINA,29.9473219,122.2377506,1100,,CNZOS,POINT (122.2377506 29.9473219)
39,316,Valparaiso,BAHIA DE VALPARAISO,CLVAP,CL,CHILE,-33.03077851,-71.62713834,1044,,CLVAP,POINT (-71.62713834 -33.03077851)
40,233,Kali Limenes,KALI LIMENES,GRKLL,GR,GREECE,34.92797877,24.80752302,1007,,GRKLL,POINT (24.80752302 34.92797877)
41,86,Seattle,SEATTLE,USSEA,US,UNITED STATES,47.59492115,-122.3515076,959,,USSEA,POINT (-122.3515076 47.59492115)
42,733,Guayaquil,GUAYAQUIL,ECGYE,EC,ECUADOR,-2.283550566,-79.90400815,954,,ECGYE,POINT (-79.90400815 -2.283550566)
43,688,Callao,PUERTO DEL CALLAO,PECLL,PE,PERU,-12.04883323,-77.14614634,934,,PECLL,POINT (-77.14614634 -12.04883323)
44,11,Nakhodka,NAKHODKA,RUNJK,RU,RUSSIA,42.79516636,132.8857148,929,Nakhodka,RUNJK/RUKZM,POINT (132.8857148 42.79516636)
45,114,Gdansk,GDANSK,PLGDN,PL,POLAND,54.38610211,18.66495039,924,,PLGDN,POINT (18.66495039 54.38610211)
46,50,Richards Bay,RICHARDS BAY,ZARCB,ZA,SOUTH AFRICA,-28.79211066,32.03964518,910,,ZARCB,POINT (32.03964518 -28.79211066)
47,46,Long Beach,LONG BEACH,USLGB,US,UNITED STATES,33.75007612,-118.2183948,906,Los Angeles,USLAX/USLGB,POINT (-118.2183948 33.75007612)
48,142,Norfolk VA,NORFOLK,USORF,US,UNITED STATES,36.92177375,-76.34149914,905,Norfolk VA,USORF/USHNV,POINT (-76.34149914 36.92177375)
49,296,Savannah,SAVANNAH,USSAV,US,UNITED STATES,32.08156947,-81.08519982,898,,USSAV,POINT (-81.08519982 32.08156947)
50,196,Charleston,CHARLESTON,USCHS,US,UNITED STATES,32.79653729,-79.91533662,897,,USCHS,POINT (-79.91533662000001 32.79653729)
51,1106,La Libertad,LA LIBERTAD,ECLLD,EC,ECUADOR,-2.213601,-80.906165,890,,ECLLD,POINT (-80.906165 -2.213601)
52,568,Suez,SUEZ,EGSUE,EG,EGYPT,30.15128137,32.569488,839,,EGSUE,POINT (32.569488 30.15128137)
53,481,Port Louis,PORT LOUIS,MUPLU,MU,MAURITIUS,-20.15433978,57.49321133,811,,MUPLU,POINT (57.49321133 -20.15433978)
54,58,Vanino,BUKHTA VANINO,RUVNN,RU,RUSSIA,49.08860294,140.2724754,785,Vanino,RUVNN/RUSOG,POINT (140.2724754 49.08860294)
55,115,Gdynia,GDYNIA,PLGDY,PL,POLAND,54.53543706,18.54144912,781,,PLGDY,POINT (18.54144912 54.53543706)
56,355,Zona Comun,ZONA COMUN,ARZCO,AR,ARGENTINA,-34.75468371,-57.88417347,775,,ARZCO,POINT (-57.88417347 -34.75468371)
57,149,Osaka,OSAKA,JPOSA,JP,JAPAN,34.65107676,135.4214884,747,,JPOSA,POINT (135.4214884 34.65107676)
58,5,Amsterdam,AMSTERDAM,NLAMS,NL,NETHERLANDS,52.42138819,4.811588361,741,,NLAMS,POINT (4.811588361 52.42138819)
59,101,Ceuta,CUETA,ESCEU,ES,SPAIN,35.88990064,-5.311345497,739,,ESCEU,POINT (-5.311345497 35.88990064)
60,411,Kingston,KINGSTON,JMKIN,JM,JAMAICA,17.97703564,-76.82405966,723,,JMKIN,POINT (-76.82405966 17.97703564)
61,790,Sydney,SYDNEY,AUSYD,AU,AUSTRALIA,-33.85511435,151.1981976,697,,AUSYD,POINT (151.1981976 -33.85511435)
62,290,San Antonio,PUERTO SAN ANTONIO,CLSAI,CL,CHILE,-33.58451281,-71.61879131,686,,CLSAI,POINT (-71.61879131000001 -33.58451281)
63,749,Melbourne,MELBOURNE,AUMEL,AU,AUSTRALIA,-37.84605169,144.9017896,678,,AUMEL,POINT (144.9017896 -37.84605169)
"64,176,""Abidjan, Ivory Coast"",ABIDJAN,CIABJ,CI,IVORY COAST,5.312924558,-4.025228611,677,,CIABJ,POINT (-4.025228611 5.312924558)"
65,154,San Francisco,SAN FRANCISCO,USSFO,US,UNITED STATES,37.74774575,-122.376863,676,,USSFO,POINT (-122.376863 37.74774575)
66,183,Bahia Blanca,BAHIA BLANCA,ARBHI,AR,ARGENTINA,-38.79144498,-62.28634369,655,,ARBHI,POINT (-62.28634369 -38.79144498)
67,243,Lisbon,LISBOA,PTLIS,PT,PORTUGAL,38.69917943,-9.167739884,648,,PTLIS,POINT (-9.167739884 38.69917943)
68,72,Kaliningrad,KALININGRAD,RUKGD,RU,RUSSIA,54.70049189,20.44819834,647,,RUKGD,POINT (20.44819834 54.70049189)
69,997,Manila,MANILA,PHMNL,PH,PHILIPPINES,14.62451733,120.9517978,647,,PHMNL,POINT (120.9517978 14.62451733)
70,22,Vostochny,VOSTOCHNYY,RUVYP,RU,RUSSIA,42.73640035,133.0824962,646,Vostochny,RUVYP,POINT (133.0824962 42.73640035)
71,400,Madre de Deus,MADRE DE DEUS,BRMDD,BR,BRAZIL,-12.75052789,-38.61972247,644,,BRMDD,POINT (-38.61972247 -12.75052789)
72,402,Salvador,PORT DE SALVADOR,BRSSA,BR,BRAZIL,-12.96347327,-38.50841213,644,,BRSSA,POINT (-38.50841213 -12.96347327)
73,397,Rio de Janeiro,RIO DE JANEIRO,BRRIO,BR,BRAZIL,-22.89414259,-43.20971207,644,Rio de Janeiro,BRRIO/BRNTR,POINT (-43.20971207 -22.89414259)
74,385,Manaus,MANAUS,BRMAO,BR,BRAZIL,-3.159728998,-60.00205433,644,,BRMAO,POINT (-60.00205433 -3.159728998)
75,389,Vila do Conde,VILA DO CONDE,BRVLC,BR,BRAZIL,-1.5720932,-48.77604961,644,,BRVLC,POINT (-48.77604961 -1.5720932)
"76,387,""Rio Grande, Brazil"",RIO GRANDE,BRRIG,BR,BRAZIL,-32.09253508,-52.09645486,644,,BRRIG,POINT (-52.09645486 -32.09253508)"
77,395,Angra dos Reis,ANGRA DOS REIS,BRADR,BR,BRAZIL,-23.06046302,-44.23178289,644,,BRADR,POINT (-44.23178289 -23.06046302)
78,391,Belem,BELEM,BRBEL,BR,BRAZIL,-1.449485181,-48.50130892,644,,BRBEL,POINT (-48.50130892 -1.449485181)
79,399,Vitoria,VITORIA,BRVIT,BR,BRAZIL,-20.32345931,-40.3360774,644,Tubarao,BRTTE/BRVIT,POINT (-40.3360774 -20.32345931)
80,393,Santos,SANTOS,BRSSZ,BR,BRAZIL,-23.95236801,-46.30793419,644,,BRSSZ,POINT (-46.30793419 -23.95236801)
81,398,Niteroi,NITEROI,BRNTR,BR,BRAZIL,-22.87474944,-43.12812937,644,Rio de Janeiro,BRRIO/BRNTR,POINT (-43.12812937 -22.87474944)
82,401,Fortaleza,PORTO DE MUCURIPE,BRFOR,BR,BRAZIL,-3.71337577,-38.47692949,644,,BRFOR,POINT (-38.47692949 -3.71337577)
83,390,Paranagua,PARANAGUA,BRPNG,BR,BRAZIL,-25.5022142,-48.52072847,644,,BRPNG,POINT (-48.52072847 -25.5022142)
84,211,Falmouth,FALMOUTH HARBOUR,GBFAL,GB,UNITED KINGDOM,50.15455779,-5.05237619,639,,GBFAL,POINT (-5.05237619 50.15455779)
85,394,Sao Sebastiao,SAO SEBASTIAO,BRSSO,BR,BRAZIL,-23.81110145,-45.39689508,636,,BRSSO,POINT (-45.39689508 -23.81110145)
86,85,Qingdao,QINGDAO GANG,CNQDG,CN,CHINA,36.05914896,120.2648324,620,,CNQDG,POINT (120.2648324 36.05914896)
87,386,Itaqui,ITAQUI,BRIQI,BR,BRAZIL,-2.583858673,-44.36853382,614,,BRIQI,POINT (-44.36853382 -2.583858673)
88,159,Szczecin (Stettin),SZCZECIN,PLSZZ,PL,POLAND,53.46418839,14.60140722,608,,PLSZZ,POINT (14.60140722 53.46418839)
89,553,Algiers,ALGER,DZALG,DZ,ALGERIA,36.77509789,3.062622229,571,,DZALG,POINT (3.062622229 36.77509789)
90,117,Gothenburg,GOTEBORG,SEGOT,SE,SWEDEN,57.68726482,11.87841159,556,,SEGOT,POINT (11.87841159 57.68726482)
91,16,Cristobal,PUERTO PUERTO CRISTOBAL,PACTB,PA,PANAMA,9.349851792,-79.90958597,553,Panama Canal,PAPAT/PACTB/MXZLO,POINT (-79.90958596999999 9.349851792000001)
92,16,Cristobal,PUERTO CRISTOBAL,PACTB,PA,PANAMA,9.349851792,-79.90958597,553,Panama Canal,PAPAT/PACTB/MXZLO,POINT (-79.90958596999999 9.349851792000001)
93,279,Quintero,BAHIA QUINTERO (VENTANAS),CLQTV,CL,CHILE,-32.77956398,-71.50102766,524,,CLQTV,POINT (-71.50102766000001 -32.77956398)
94,307,Talcahuano,TALCAHUANO,CLTAL,CL,CHILE,-36.71117676,-73.11190457,520,Talcahuano,CLTAL/CLLQN/CLSVE,POINT (-73.11190456999999 -36.71117676)
95,542,Port Klang,PORT KLANG,MYPKG,MY,MALAYSIA,2.999560721,101.3511516,496,,MYPKG,POINT (101.3511516 2.999560721)
96,380,Tallinn,TALLINN,EETLL,EE,ESTONIA,59.46002426,24.71470464,495,,EETLL,POINT (24.71470464 59.46002426)
97,284,Riga,RIGA,LVRIX,LV,LATVIA,57.03013317,24.08405608,494,,LVRIX,POINT (24.08405608 57.03013317)
98,158,Swinoujscie,SWINOUJSCIE,PLSWI,PL,POLAND,53.90426754,14.26036917,494,,PLSWI,POINT (14.26036917 53.90426754)
99,121,Inchon,INCHON,KRINC,KR,KOREA,37.4562773,126.594866,481,,KRINC,POINT (126.594866 37.4562773)
100,552,Arzew,ARZEW,DZAZW,DZ,ALGERIA,35.84662203,-0.3063399685,475,,DZAZW,POINT (-0.3063399685 35.84662203)
101,680,Tema,TEMA,GHTEM,GH,GHANA,5.631358816,0.0101224099,457,,GHTEM,POINT (0.0101224099 5.631358816)
102,802,Bangkok,BANGKOK,THBKK,TH,THAILAND,13.7017024,100.5753593,454,,THBKK,POINT (100.5753593 13.7017024)
103,1020,Hualien,HUA-LIEN KANG,TWHUN,TW,TAIWAN,23.98341142,121.6292254,446,,TWHUN,POINT (121.6292254 23.98341142)
104,1021,Kaohsiung,KAO-HSIUNG,TWKHH,TW,TAIWAN,22.5529603,120.3168866,445,,TWKHH,POINT (120.3168866 22.5529603)
105,1022,Keelung,CHI-LUNG,TWKEL,TW,TAIWAN,25.14933906,121.7580839,444,,TWKEL,POINT (121.7580839 25.14933906)
106,1024,Taichung,TAI-CHUNG KANG,TWTXG,TW,TAIWAN,24.28335625,120.5201702,443,,TWTXG,POINT (120.5201702 24.28335625)
107,102,Constantza,CONSTANTA,ROCND,RO,ROMANIA,44.14647703,28.64473214,438,,ROCND,POINT (28.64473214 44.14647703)
108,378,Klaipeda,KLAIPEDA,LTKLJ,LT,LITHUANIA,55.69169978,21.13062522,437,,LTKLJ,POINT (21.13062522 55.69169978)
109,678,Dakar,DAKAR,SNDKR,SN,SENEGAL,14.68221212,-17.43350466,429,,SNDKR,POINT (-17.43350466 14.68221212)
110,1157,Suao,SU-AO,TWSUO,TW,TAIWAN,24.59408,121.86665,427,,TWSUO,POINT (121.86665 24.59408)
111,92,Ulsan,ULSAN,KRUSN,KR,KOREA,35.51876616,129.3879257,426,,KRUSN,POINT (129.3879257 35.51876616)
112,135,Murmansk,MURMANSK,RUMMK,RU,RUSSIA,68.96364663,33.04480724,425,,RUMMK,POINT (33.04480724 68.96364663)
113,61,Barcelona,BARCELONA,ESBCN,ES,SPAIN,41.32578515,2.156732098,424,,ESBCN,POINT (2.156732098 41.32578515)
114,8,Khorfakkan,KHAWR FAKKAN,AEKLF,AE,ARAB EMIRATES,25.35628026,56.36931309,419,,AEKLF,POINT (56.36931309 25.35628026)
115,29,Ghent,GHENT,BEGNE,BE,BELGIUM,51.12515823,3.763233453,412,,BEGNE,POINT (3.763233453 51.12515823)
116,201,Coronel,CORONEL,CLCNL,CL,CHILE,-37.03261356,-73.14799883,391,,CLCNL,POINT (-73.14799883000001 -37.03261356)
117,242,Lirquen,LIRQUEN,CLLQN,CL,CHILE,-36.71319242,-72.98407841,391,Talcahuano,CLTAL/CLLQN/CLSVE,POINT (-72.98407841 -36.71319242)
118,190,Bergen,BERGEN,NOBGO,NO,NORWAY,60.400289,5.309737234,388,,NOBGO,POINT (5.309737234 60.400289)
119,52,Santa Cruz de Tenerife,SANTA CRUZ DE TENERIFE,ESSCT,ES,SPAIN,28.48326542,-16.23796786,387,,ESSCT,POINT (-16.23796786 28.48326542)
120,202,Dalian,DALIAN,CNDAG,CN,CHINA,38.929166,121.6844297,380,,CNDAG,POINT (121.6844297 38.929166)
121,110,Dubai,DUBAYY,AEDXB,AE,ARAB EMIRATES,25.24538372,55.26613587,380,Dubai,AEDXB/AESHJ,POINT (55.26613587 25.24538372)
122,172,Venice,PORTO DI CHIOGGIA,ITVCE,IT,ITALY,45.43211863,12.30516632,374,,ITVCE,POINT (12.30516632 45.43211863)
123,138,Nantong,NANTONG,CNNTG,CN,CHINA,31.97109018,120.8566861,370,,CNNTG,POINT (120.8566861 31.97109018)
124,985,Karachi,KARACHI,PKKHI,PK,PAKISTAN,24.8060852,66.97444952,358,,PKKHI,POINT (66.97444951999999 24.8060852)
125,161,Tianjin (Xingang),TIANJIN XIN GANG,CNTXG,CN,CHINA,38.94005307,117.8127386,346,,CNTXG,POINT (117.8127386 38.94005307)
126,293,San Vicente,BAHIA SAN VICENTE,CLSVE,CL,CHILE,-36.74090079,-73.12881765,342,Talcahuano,CLTAL/CLLQN/CLSVE,POINT (-73.12881765 -36.74090079)
127,9,Flushing,VLISSINGEN,NLVLI,NL,NETHERLANDS,51.44796059,3.599224398,341,,NLVLI,POINT (3.599224398 51.44796059)
128,20,Terneuzen,TERNEUZEN,NLTNZ,NL,NETHERLANDS,51.34124862,3.819144079,338,,NLTNZ,POINT (3.819144079 51.34124862)
129,119,Guangzhou,GUANGZHOU,CNGZG,CN,CHINA,23.07337184,113.4714171,338,,CNGZG,POINT (113.4714171 23.07337184)
130,254,Montreal,MONTREAL,CAMTR,CA,CANADA,45.57344619,-73.5114584,337,,CAMTR,POINT (-73.5114584 45.57344619)
131,434,St Eustatius,ORANJESTAD,BQEUX,BQ,BONAIRE,17.4976794,-62.99987687,331,,BQEUX,POINT (-62.99987687 17.4976794)
132,441,Port of Spain,PORT OF SPAIN,TTPOS,TT,TRINIDAD AND TOBAGO,10.65151834,-61.5203148,327,,TTPOS,POINT (-61.5203148 10.65151834)
133,679,Takoradi,TAKORADI,GHTKD,GH,GHANA,4.891222094,-1.744598278,323,Takoradi,GHTKD/GHSEK,POINT (-1.744598278 4.891222094)
134,403,Maceio,PORTO DE MACEIO,BRMCZ,BR,BRAZIL,-9.680769144,-35.72523136,322,,BRMCZ,POINT (-35.72523136 -9.680769143999999)
135,166,Ust-Luga,REKA LUGA,RUULU,RU,RUSSIA,59.69328825,28.42400581,321,,RUULU,POINT (28.42400581 59.69328825)
136,1075,Sekondi,SEKONDI,GHSEK,GH,GHANA,4.937494428,-1.705073515,319,Takoradi,GHTKD/GHSEK,POINT (-1.705073515 4.937494428)
137,1164,Ko Sichang,KO SI CHANG TERMINAL,THKSI,TH,THAILAND,13.14957,100.81945,317,,THKSI,POINT (100.81945 13.14957)
138,685,Douala,DOUALA,CMDLA,CM,CAMEROON,4.044927215,9.681981167,304,,CMDLA,POINT (9.681981167 4.044927215)
139,1060,Ango Ango,ANGO ANGO,CDANG,CD,DEMOCRATIC REPUBLIC OF THE CONGO,-5.844727685,13.42927314,304,Ango Ango,CDANG/CDMAT,POINT (13.42927314 -5.844727685)
140,1070,Matadi,MATADI,CDMAT,CD,DEMOCRATIC REPUBLIC OF THE CONGO,-5.819890417,13.45701666,304,Ango Ango,CDANG/CDMAT,POINT (13.45701666 -5.819890417)
141,57,Tuapse,TUAPSE,RUTUA,RU,RUSSIA,44.09370496,39.06987492,304,,RUTUA,POINT (39.06987492 44.09370496)
142,1068,Luanda,LUANDA,AOLAD,AO,ANGOLA,-8.795250031,13.26107216,303,,AOLAD,POINT (13.26107216 -8.795250031)
143,714,Algoa Bay,PORT ELIZABETH,ZAPLZ,ZA,SOUTH AFRICA,-33.8333333,25.8333333,293,,ZAPLZ,POINT (25.8333333 -33.8333333)
144,740,Brisbane,BRISBANE,AUPBN,AU,AUSTRALIA,-27.36450168,153.1702164,287,,AUPBN,POINT (153.1702164 -27.36450168)
145,141,Ningbo,NINGBO,CNNBG,CN,CHINA,29.98009551,121.9816533,283,,CNNBG,POINT (121.9816533 29.98009551)
146,547,Casablanca,CASABLANCA,MACAS,MA,MOROCCO,33.60216255,-7.600573746,281,,MACAS,POINT (-7.600573746 33.60216255)
147,306,Syros Isl.,SYROS ISL.,GRJSY,GR,GREECE,37.44063193,24.94092116,279,,GRJSY,POINT (24.94092116 37.44063193)
148,381,Muuga,MUUGA-PORT OF TALLIN,EEMUG,EE,ESTONIA,59.49446168,24.95541806,275,,EEMUG,POINT (24.95541806 59.49446168)
"149,205,""Delta Zone, Uruguay"",DELTA ZONE,UYDTZ,UY,URUGUAY,-35.07938474,-55.19895569,271,,UYDTZ,POINT (-55.19895569 -35.07938474)"
150,177,Alpha Zone,ALPHA ZONE,UYREC,UY,URUGUAY,-35.09532463,-56.03095978,271,,UYREC,POINT (-56.03095978 -35.09532463)
151,474,Yantai,YANTAI,CNYNT,CN,CHINA,37.57528991,121.3973823,270,,CNYNT,POINT (121.3973823 37.57528991)
152,277,Qinhuangdao,QINHUANGDAO,CNSHP,CN,CHINA,39.90759478,119.594866,270,,CNSHP,POINT (119.594866 39.90759478)
153,321,Xiamen,XIAMEN,CNXMG,CN,CHINA,24.48545441,118.0647132,270,,CNXMG,POINT (118.0647132 24.48545441)
154,137,Nanjing,NANJING,CNNJG,CN,CHINA,32.16555927,118.8516819,270,,CNNJG,POINT (118.8516819 32.16555927)
155,328,Zhangjiagang,ZHANGJIAGANG,CNZJG,CN,CHINA,31.96625893,120.4224339,270,,CNZJG,POINT (120.4224339 31.96625893)
156,122,Jiangyin,JIANGYIN,CNJGY,CN,CHINA,25.41581242,119.2871568,270,,CNJGY,POINT (119.2871568 25.41581242)
157,241,Lianyungang,LIANYUNGANG,CNLYG,CN,CHINA,34.73040567,119.4953186,270,,CNLYG,POINT (119.4953186 34.73040567)
158,18,Ijmuiden,IJMUIDEN,NLIJM,NL,NETHERLANDS,52.46288888,4.581079945,263,,NLIJM,POINT (4.581079945 52.46288888)
159,299,Shekou,SHEKOU,CNSHK,CN,CHINA,22.60025043,113.8227646,259,Shekou,CNSHK/CNSZP,POINT (113.8227646 22.60025043)
160,746,Gladstone,GLADSTONE,AUGLT,AU,AUSTRALIA,-23.83111905,151.2640333,256,,AUGLT,POINT (151.2640333 -23.83111905)
161,94,Yosu,YOSU,KRYOS,KR,KOREA,34.74599338,127.7501502,255,,KRYOS,POINT (127.7501502 34.74599338)
162,682,Port Gentil,PORT GENTIL,GAPOG,GA,GABON,-0.7261763323,8.79502182,252,,GAPOG,POINT (8.795021820000001 -0.7261763323)
163,198,Civitavecchia,CIVITAVECCHIA,ITCVV,IT,ITALY,42.10003184,11.78170222,244,,ITCVV,POINT (11.78170222 42.10003184)
164,318,Ventspils,VENTSPILS,LVVNT,LV,LATVIA,57.39910981,21.54711955,243,,LVVNT,POINT (21.54711955 57.39910981)
165,1067,Limbe,LIMBOH TERMINAL,CMLIM,CM,CAMEROON,4.01100424,9.205446625,242,,CMLIM,POINT (9.205446625 4.01100424)
166,906,Bremen,BREMEN,DEBRE,DE,GERMANY,53.10828733,8.743580451,240,,DEBRE,POINT (8.743580451 53.10828733)
167,559,Tunis,TUNIS,TNTUN,TN,TUNISIA,36.80840145,10.30100851,234,,TNTUN,POINT (10.30100851 36.80840145)
168,301,Sines,SINES,PTSIE,PT,PORTUGAL,37.94620973,-8.858770577,232,,PTSIE,POINT (-8.858770577 37.94620973)
169,745,Fremantle,FREMANTLE,AUFRE,AU,AUSTRALIA,-32.04385107,115.7481493,229,,AUFRE,POINT (115.7481493 -32.04385107)
170,74,Kobe,KOBE,JPUKB,JP,JAPAN,34.69233621,135.2421485,205,,JPUKB,POINT (135.2421485 34.69233621)
171,718,Aden,ADEN,YEADE,YE,YEMEN,12.800931,45.0004899,200,,YEADE,POINT (45.0004899 12.800931)
172,1118,Ho Chi Minh,THANH HO CHI MINH,VNSGN,VN,VIETNAM,10.75757,106.7207,199,,VNSGN,POINT (106.7207 10.75757)
173,315,Valencia,VALENCIA,ESVLC,ES,SPAIN,39.4396435,-0.3192848361,196,,ESVLC,POINT (-0.3192848361 39.4396435)
174,130,Limassol,LIMASSOL,CYLMS,CY,CYPRUS,34.64988167,33.01822119,195,,CYLMS,POINT (33.01822119 34.64988167)
175,444,Paramaribo,PARAMARIBO,SRPBM,SR,SURINAME,5.811906556,-55.16386166,186,,SRPBM,POINT (-55.16386166 5.811906556)
176,1114,Naples,NAPOLI,ITNAP,IT,ITALY,40.83799,14.27623,179,,ITNAP,POINT (14.27623 40.83799)
177,755,Auckland,AUCKLAND,NZAKL,NZ,NEW ZEALAND,-36.83882112,174.7680617,165,,NZAKL,POINT (174.7680617 -36.83882112)
178,792,Chittagong,CHITTAGONG,BDCGP,BD,BANGLADESH,22.25863411,91.83667025,154,,BDCGP,POINT (91.83667025 22.25863411)
"179,184,""Baltiysk, Russia"",BALTIYSK,RUBLT,RU,RUSSIA,54.63344478,19.92715468,153,,RUBLT,POINT (19.92715468 54.63344478)"
180,1001,Kozmino,VOSTOCHNYY,RUKZM,RU,RUSSIA,42.71514889,133.0070845,147,Nakhodka,RUNJK/RUKZM,POINT (133.0070845 42.71514889)
181,341,Cochin,KOCHI (COCHIN),INKOC,IN,INDIA,9.972056117,76.2533033,145,,INKOC,POINT (76.2533033 9.972056116999999)
182,569,Posyet,POS'YET,RUPSE,RU,RUSSIA,42.64873741,130.8080681,142,,RUPSE,POINT (130.8080681 42.64873741)
183,459,Fangcheng,FANG-CHENG,CNFAN,CN,CHINA,21.59424185,108.3304735,139,,CNFAN,POINT (108.3304735 21.59424185)
184,463,Zhanjiang,ZHANJIANG,CNZNG,CN,CHINA,21.19781126,110.4217909,138,,CNZNG,POINT (110.4217909 21.19781126)
185,1130,Hai Phong,HAI PHONG,VNHPH,VN,VIETNAM,20.842735,106.77265,136,,VNHPH,POINT (106.77265 20.842735)
186,936,Jakarta,JAKARTA,IDJKT,ID,INDONESIA,-6.095519384,106.8832043,136,,IDJKT,POINT (106.8832043 -6.095519384)
187,1092,Arica,RADA DE ARICA,CLARI,CL,CHILE,-18.47525566,-70.32211064,133,,CLARI,POINT (-70.32211064000001 -18.47525566)
188,1108,Nieuw Nickerie,NIEUW NICKERIE,SRICK,SR,SURINAME,5.946546,-56.986555,133,,SRICK,POINT (-56.986555 5.946546)
189,1096,Huasco,HUASCO,CLHSO,CL,CHILE,-28.47060205,-71.23782545,133,,CLHSO,POINT (-71.23782545 -28.47060205)
190,1093,Iquique,IQUIQUE,CLIQQ,CL,CHILE,-20.20718906,-70.15020897,133,,CLIQQ,POINT (-70.15020896999999 -20.20718906)
"191,275,""Punta Arenas, Chile"",RADA PUNTA ARENAS,CLPUQ,CL,CHILE,-53.16841782,-70.91044758,132,,CLPUQ,POINT (-70.91044758 -53.16841782)"
192,419,Curacao Anchorage,CURACAO ANCHORAGE,CWCUR,CW,CURAÃ‡AO,12.11544381,-68.97087353,129,,CWCUR,POINT (-68.97087353000001 12.11544381)
"193,43,""Kavkaz, Russia"",KAVKAZ OIL TERMINAL,RUKZP,RU,RUSSIA,45.33811453,36.67173662,129,,RUKZP,POINT (36.67173662 45.33811453)"
194,1133,Davao,DAVAO,PHDVO,PH,PHILIPPINES,7.1171735,125.6668,128,,PHDVO,POINT (125.6668 7.1171735)
195,712,Penang,PULAU PINANG,MYPEN,MY,MALAYSIA,5.4025,100.347,128,,MYPEN,POINT (100.347 5.4025)
196,942,Surabaya,SURABAYA,IDSUB,ID,INDONESIA,-7.203725467,112.728033,126,,IDSUB,POINT (112.728033 -7.203725467)
197,111,Eemshaven,EEMSHAVEN,NLEEM,NL,NETHERLANDS,53.44525889,6.833257898,123,,NLEEM,POINT (6.833257898 53.44525889)
198,1112,Sovgavan,SOVETSKAYA GAVAN,RUSOG,RU,RUSSIA,48.9835,140.2865,123,Vanino,RUVNN/RUSOG,POINT (140.2865 48.9835)
199,376,Tauranga,TAURANGA,NZTRG,NZ,NEW ZEALAND,-37.65963395,176.179192,117,,NZTRG,POINT (176.179192 -37.65963395)
200,187,Barranquilla,BARRANQUILLA,COBAQ,CO,COLOMBIA,10.99176585,-74.76189267,117,,COBAQ,POINT (-74.76189266999999 10.99176585)
201,910,Emden,EMDEN,DEEME,DE,GERMANY,53.33929217,7.184100651,115,,DEEME,POINT (7.184100651 53.33929217)
202,720,Ushuaia,USHUAIA,ARUSH,AR,ARGENTINA,-54.80681185,-68.29942064,114,,ARUSH,POINT (-68.29942063999999 -54.80681185)
203,738,Dammam,DAMMAM,SADMM,SA,SAUDI ARABIA,26.49544275,50.19709383,107,Dammam,SADMM/SARTA,POINT (50.19709383 26.49544275)
204,737,Ras Tanura,RAS  TANNURAH,SARTA,SA,SAUDI ARABIA,26.64533001,50.16209182,107,Dammam,SADMM/SARTA,POINT (50.16209182 26.64533001)
205,1095,Angamos,MEJILLONES,CLMJS,CL,CHILE,-23.08106392,-70.39985342,107,,CLMJS,POINT (-70.39985342 -23.08106392)
206,1123,Shakhtersk,SHAKHTERSK,RUSHA,RU,RUSSIA,49.162335,142.05455,106,Shakhtersk,RUSHA/RUUGL,POINT (142.05455 49.162335)
207,107,Delfzijl,DELFZIJL,NLDZL,NL,NETHERLANDS,53.31183912,6.995270571,106,,NLDZL,POINT (6.995270571 53.31183912)
208,278,Quebec,QUEBEC,CAQUE,CA,CANADA,46.8101468,-71.20203287,104,,CAQUE,POINT (-71.20203287 46.8101468)
209,716,Jeddah,JIDDAH,SAJED,SA,SAUDI ARABIA,21.4656682,39.15555754,103,,SAJED,POINT (39.15555754 21.4656682)
210,735,Yanbu,YANBU,SAYNB,SA,SAUDI ARABIA,24.07697185,38.06534224,103,,SAYNB,POINT (38.06534224 24.07697185)
211,736,Rabigh,RABIGH,SARAB,SA,SAUDI ARABIA,22.74273326,38.99916876,103,,SARAB,POINT (38.99916876 22.74273326)
212,1122,Port Qasim,MUHAMAMAD BIN QASIM,PKBQM,PK,PAKISTAN,24.7735,67.337,101,,PKBQM,POINT (67.337 24.7735)
213,335,Kandla,KANDLA,INKDL,IN,INDIA,22.99251209,70.22849632,97,,INKDL,POINT (70.22849632 22.99251209)
214,717,Djibouti,DJIBOUTI,DJJIB,DJ,DJIBOUTI,11.5908054,43.12713173,96,,DJJIB,POINT (43.12713173 11.5908054)
215,250,Mina Saqr,MINA SAQR,AEMSA,AE,ARAB EMIRATES,25.97669748,56.05547171,94,,AEMSA,POINT (56.05547171 25.97669748)
216,1116,Alexandria,AL ISKANDARIYH (ALEXANDRIA),EGALY,EG,EGYPT,31.184245,29.875605,93,,EGALY,POINT (29.875605 31.184245)
217,457,Antofagasta,ANTOFAGASTA,CLANF,CL,CHILE,-23.6492924,-70.40499403,92,,CLANF,POINT (-70.40499403 -23.6492924)
218,1134,Maputo,MAPUTO,MZMPM,MZ,MOZAMBIQUE,-25.97,32.564,92,,MZMPM,POINT (32.564 -25.97)
219,626,Thamesport,THAMESPORT,GBTHP,GB,UNITED KINGDOM,51.43271764,0.6876403808,91,,GBTHP,POINT (0.6876403808 51.43271764)
220,336,Mundra,MUNDRA,INMUN,IN,INDIA,22.74712594,69.71029354,91,,INMUN,POINT (69.71029354 22.74712594)
221,1163,Paranam,PARANAM,SRPRM,SR,SURINAME,5.6150885,-55.085405,89,,SRPRM,POINT (-55.085405 5.6150885)
222,134,Mersin,MERSIN,TRMER,TR,TURKEY,36.80083331,34.64348248,87,,TRMER,POINT (34.64348248 36.80083331)
223,681,Lome,LOME,TGLFW,TG,TOGO,6.143637632,1.285607513,85,,TGLFW,POINT (1.285607513 6.143637632)
224,408,Montego Bay,MONTEGO BAY,JMMBJ,JM,JAMAICA,18.46353264,-77.93631562,82,,JMMBJ,POINT (-77.93631562 18.46353264)
225,356,Walvis Bay,WALVIS BAY,NAWVB,,NAMIBIA,-22.94296554,14.50330448,80,,NAWVB,POINT (14.50330448 -22.94296554)
226,69,Izmir,IZMIR,TRIZM,TR,TURKEY,38.44663569,27.15668968,78,,TRIZM,POINT (27.15668968 38.44663569)
227,97,Aliaga,ALIAGA,TRALI,TR,TURKEY,38.8161704,26.9601014,78,,TRALI,POINT (26.9601014 38.8161704)
228,410,Ocho Rios,OCHO RIOS,JMOCJ,JM,JAMAICA,18.40809577,-77.10965034,78,,JMOCJ,POINT (-77.10965034 18.40809577)
229,219,Halifax,HALIFAX,CAHAL,CA,CANADA,44.6688432,-63.59304696,77,,CAHAL,POINT (-63.59304696 44.6688432)
"230,214,""Freeport, Bahamas"",FREEPORT,BSFPO,BS,BAHAMAS,26.52008462,-78.77605885,64,,BSFPO,POINT (-78.77605885 26.52008462)"
231,357,Bremerhaven,BREMERHAVEN,DEBRV,DE,GERMANY,53.56515371,8.548517927,64,,DEBRV,POINT (8.548517927000001 53.56515371)
232,570,Uglegorsk,UGLEGORSK,RUUGL,RU,RUSSIA,49.07709266,142.0329038,64,Shakhtersk,RUSHA/RUUGL,POINT (142.0329038 49.07709266)
233,383,Bourgas,BURGAS,BGBOJ,BG,BULGARIA,42.47762208,27.44795466,62,,BGBOJ,POINT (27.44795466 42.47762208)
234,1125,Varna,VARNA,BGVAR,BG,BULGARIA,43.193825,27.91081,62,,BGVAR,POINT (27.91081 43.193825)
235,689,Buenaventura,BUENAVENTURA,COBUN,CO,COLOMBIA,3.895856824,-77.06896297,61,,COBUN,POINT (-77.06896297 3.895856824)
236,42,Jebel Ali,MINA JABAL ALI,AEJEA,AE,ARAB EMIRATES,25.00024492,55.04857306,60,,AEJEA,POINT (55.04857306 25.00024492)
237,750,Newcastle,NEWCASTLE,AUNTL,AU,AUSTRALIA,-32.89685377,151.7717538,59,,AUNTL,POINT (151.7717538 -32.89685377)
"238,426,""San Juan, Puerto Rico"",SAN JUAN,PRSJU,PR,PUERTO RICO,18.44159055,-66.09950086,58,,PRSJU,POINT (-66.09950086000001 18.44159055)"
239,489,Kalymnos isl.,KALIMNOS,GRKMI,GR,GREECE,36.95025293,26.98540936,58,,GRKMI,POINT (26.98540936 36.95025293)
240,814,Barbados,BRIDGETOWN,BBBGI,BB,BARBADOS,13.10854765,-59.62910584,58,,BBBGI,POINT (-59.62910584 13.10854765)
241,1120,Port Antonio,PORT ANTONIO,JMPOT,JM,JAMAICA,18.18202,-76.457035,57,,JMPOT,POINT (-76.457035 18.18202)
242,294,Santa Marta,SANTA MARTA,COSMR,CO,COLOMBIA,11.24989477,-74.21673137,56,,COSMR,POINT (-74.21673137000001 11.24989477)
243,1121,Esquivel,PORT ESQUIVEL,JMPEV,JM,JAMAICA,17.888825,-77.12969,56,,JMPEV,POINT (-77.12969 17.888825)
244,719,Tanger Med,TANGER,MAPTM,MA,MOROCCO,35.89151732,-5.495435127,54,,MAPTM,POINT (-5.495435127 35.89151732)
245,55,Tacoma,TACOMA,USTIW,US,UNITED STATES,47.2726767,-122.4230614,53,,USTIW,POINT (-122.4230614 47.2726767)
246,209,Esbjerg,ESBJERG,DKEBJ,DK,DENMARK,55.46922745,8.43249054,53,,DKEBJ,POINT (8.43249054 55.46922745)
247,587,Helsinki,HELSINKI,FIHEL,FI,FINLAND,60.15139306,24.92110805,52,,FIHEL,POINT (24.92110805 60.15139306)
248,744,Darwin,DARWIN,AUDRW,AU,AUSTRALIA,-12.49632333,130.878503,51,,AUDRW,POINT (130.878503 -12.49632333)
249,1127,Mindelo,PORTO GRANDE,CVMIN,CV,CAPE VERDE,16.8853,-24.996355,51,,CVMIN,POINT (-24.996355 16.8853)
"250,656,""St. John's, NL"",ST JOHN'S,CASJF,CA,CANADA,47.56775285,-52.69763966,51,,CASJF,POINT (-52.69763966 47.56775285)"
251,417,Aruba OPL,ARUBA OPL,AWAUA,AW,ARUBA,12.46992848,-70.14136165,50,,AWAUA,POINT (-70.14136164999999 12.46992848)
252,1136,Port Rhoades,PORT RHOADES,JMPRH,JM,JAMAICA,18.46398,-77.40756,50,,JMPRH,POINT (-77.40756 18.46398)
253,734,Esmeraldas,ESMERALDAS,ECESM,EC,ECUADOR,0.9851749734,-79.64742508,50,,ECESM,POINT (-79.64742508 0.9851749734)
254,585,Tromso,TROMSO,NOTOS,NO,NORWAY,69.65092444,18.96320395,49,,NOTOS,POINT (18.96320395 69.65092444)
255,926,Vizag,VISHAKHAPATNAM,INVTZ,IN,INDIA,17.68815767,83.29424934,44,,INVTZ,POINT (83.29424933999999 17.68815767)
256,622,Immingham,IMMINGHAM,GBIMM,GB,UNITED KINGDOM,53.62898139,-0.1836063386,43,Hull,GBIMM/GBHUL,POINT (-0.1836063386 53.62898139)
257,908,Cuxhaven,CUXHAVEN,DECUX,DE,GERMANY,53.86511794,8.716401063,43,,DECUX,POINT (8.716401062999999 53.86511794)
"258,613,""Liverpool, UK"",LIVERPOOL,GBLIV,GB,UNITED KINGDOM,53.43840204,-3.009098053,43,,GBLIV,POINT (-3.009098053 53.43840204)"
259,165,Tyne,TYNEMOUTH,GBTYN,GB,UNITED KINGDOM,54.98544976,-1.457592392,43,,GBTYN,POINT (-1.457592392 54.98544976)
260,620,Hull,NEW HOLLAND,GBHUL,GB,UNITED KINGDOM,53.7405209,-0.2739345396,43,Hull,GBIMM/GBHUL,POINT (-0.2739345396 53.7405209)
261,500,Wilhelmshaven,WILHELMSHAVEN,DEWVN,DE,GERMANY,53.55648344,8.158744725,43,,DEWVN,POINT (8.158744725 53.55648344)
262,581,Mo I Rana,MO INLET,NOMQN,NO,NORWAY,66.31384547,14.12421649,43,,NOMQN,POINT (14.12421649 66.31384547)
263,24,Aberdeen,ABERDEEN,GBABD,GB,UNITED KINGDOM,57.14054749,-2.072754368,41,,GBABD,POINT (-2.072754368 57.14054749)
264,448,Veracruz,VERACRUZ,MXVER,MX,MEXICO,19.20176297,-96.1288698,38,,MXVER,POINT (-96.1288698 19.20176297)
265,789,Port Kembla,PORT KEMBLA,AUPKL,AU,AUSTRALIA,-34.46911999,150.904522,37,,AUPKL,POINT (150.904522 -34.46911999)
266,1002,Slavyanka,SLAVYANKA,RUSKA,RU,RUSSIA,42.86801952,131.3880537,34,,RUSKA,POINT (131.3880537 42.86801952)
267,120,Harlingen,HARLINGEN,NLHAR,NL,NETHERLANDS,53.17483792,5.41078074,34,,NLHAR,POINT (5.41078074 53.17483792)
268,348,Haldia,HALDIA PORT,INHAL,IN,INDIA,22.02766733,88.1012287,31,,INHAL,POINT (88.10122869999999 22.02766733)
269,1105,Kuwait,KUWAIT,KWKWI,KW,KUWAIT,29.41971,48.002615,25,,KWKWI,POINT (48.002615 29.41971)
270,337,Sikka,SIKKA,INSIK,IN,INDIA,22.45654314,69.79759944,25,Sikka,INSIK/INVAD,POINT (69.79759944 22.45654314)
271,497,Dunkirk,DUNKERQUE PORT EST,FRIRK,FR,FRANCE,51.0558513,2.351244545,19,,FRIRK,POINT (2.351244545 51.0558513)
272,88,Shenzhen,SHENZHEN,CNSZP,CN,CHINA,22.45679528,113.8840691,18,Shekou,CNSHK/CNSZP,POINT (113.8840691 22.45679528)
273,1124,Vadinar,VADINAR TERMINAL,INVAD,IN,INDIA,22.4545,69.675,18,Sikka,INSIK/INVAD,POINT (69.675 22.4545)
274,103,Corpus Christi,CORPUS CHRISTI,USCRP,US,UNITED STATES,27.81203624,-97.39388456,15,,USCRP,POINT (-97.39388456 27.81203624)
275,351,Trincomalee,TRINCOMALEE HARBOR,LKTRR,LK,SRI LANKA,8.559145366,81.21417791,15,,LKTRR,POINT (81.21417791 8.559145365999999)
276,298,Sharjah,SHARJAH OFFSHORE TERMINAL,AESHJ,AE,ARAB EMIRATES,25.36053686,55.37375876,14,Dubai,AEDXB/AESHJ,POINT (55.37375876 25.36053686)
277,282,Rhodes,RODHOS,GRRHO,GR,GREECE,36.44514978,28.23090325,13,,GRRHO,POINT (28.23090325 36.44514978)
278,1117,Guayaguayare,GALEOTA POINT TERMINAL,TTGUA,TT,TRINIDAD AND TOBAGO,10.138,-61.001,12,,TTGUA,POINT (-61.001 10.138)
279,1110,Pointe A Pierre,POINTE A PIERRE,TTPTP,TT,TRINIDAD AND TOBAGO,10.3265,-61.4735,11,,TTPTP,POINT (-61.4735 10.3265)
"280,273,""Primorsk, Russia"",PRIMORSK,RUPRI,RU,RUSSIA,60.33497417,28.71448871,10,,RUPRI,POINT (28.71448871 60.33497417)"
281,1107,Mombasa,MOMBASA,KEMBA,KE,KENYA,-4.0475,39.635,9,,KEMBA,POINT (39.635 -4.0475)
282,343,Chennai,CHENNAI (MADRAS),INMAA,IN,INDIA,13.10426341,80.29866962,8,,INMAA,POINT (80.29866962 13.10426341)
283,675,LOOP Terminal,LOOP TERMINAL,USLO9,US,UNITED STATES,28.86551063,-89.91686737,8,,USLO9,POINT (-89.91686737000001 28.86551063)
284,1119,Mongla,MONGLA,BDMGL,BD,BANGLADESH,22.3099,89.6081,8,,BDMGL,POINT (89.60809999999999 22.3099)
285,1003,Zarubino,ZARUBINO,RUZAR,RU,RUSSIA,42.64323535,131.0831628,7,,RUZAR,POINT (131.0831628 42.64323535)
286,493,Azov,AZOV,RUAZO,RU,RUSSIA,47.12088523,39.40796037,6,,RUAZO,POINT (39.40796037 47.12088523)
287,1115,Port Said,BUR SAID (PORT SAID),EGPSD,EG,EGYPT,31.24478,32.323,6,,EGPSD,POINT (32.323 31.24478)
288,63,Campana,CAMPANA,ARCMP,AR,ARGENTINA,-34.15124303,-58.94246275,6,,ARCMP,POINT (-58.94246275 -34.15124303)
289,363,Salalah,MINA RAYSUT,OMSLL,OM,OMAN,16.94601848,54.00827705,6,,OMSLL,POINT (54.00827705 16.94601848)
290,249,Miami,MIAMI,USMIA,US,UNITED STATES,25.77695675,-80.16648873,6,,USMIA,POINT (-80.16648873 25.77695675)
291,384,Rostov,ROSTOV-NA-DONU,RUROV,RU,RUSSIA,47.21318321,39.71688487,6,,RUROV,POINT (39.71688487 47.21318321)
292,713,Galle,GALLE HARBOR,LKGAL,LK,SRI LANKA,6.034730562,80.23041064,5,,LKGAL,POINT (80.23041064 6.034730562)
293,104,Daesan,DAESAN HANG,KRTSN,KR,KOREA,37.0084855,126.374401,4,,KRTSN,POINT (126.374401 37.0084855)
294,256,Necochea,NECOCHEA,ARNEC,AR,ARGENTINA,-38.57717293,-58.70409842,4,,ARNEC,POINT (-58.70409842 -38.57717293)
295,637,Hampton Roads,PORTSMOUTH,USHNV,US,UNITED STATES,37.01472404,-76.33612166,4,Norfolk VA,USORF/USHNV,POINT (-76.33612166 37.01472404)
296,259,Odessa,ODESA,UAODS,UA,UKRAINE,46.50566085,30.73718465,4,,UAODS,POINT (30.73718465 46.50566085)
297,579,Kalundborg,KALUNDBORG,DKKAL,DK,DENMARK,55.66683682,11.09538875,3,,DKKAL,POINT (11.09538875 55.66683682)
298,772,Del Guazu,DEL GUAZU,ARDGU,AR,ARGENTINA,-33.9033306,-58.8887795,3,,ARDGU,POINT (-58.8887795 -33.9033306)
299,509,Livorno,LIVORNO,ITLIV,IT,ITALY,43.55023328,10.30005876,2,,ITLIV,POINT (10.30005876 43.55023328)
300,1131,Funchal,FUNCHAL,PTFNC,PT,PORTUGAL,32.64445,-16.909435,2,,PTFNC,POINT (-16.909435 32.64445)
301,1126,Vyborg,VYBORG,RUVYG,RU,RUSSIA,60.7095,28.734,2,,RUVYG,POINT (28.734 60.7095)
302,842,Puerto Quetzal,PUERTO QUETZAL,GTPRQ,GT,GUATEMALA,13.9189997,-90.78800516,2,,GTPRQ,POINT (-90.78800516 13.9189997)
"303,486,""Volos, Greece"",VOLOS,GRVOL,GR,GREECE,39.35583511,22.94192467,2,,GRVOL,POINT (22.94192467 39.35583511)"
304,353,Taman,TAMAN,RUTAM,RU,RUSSIA,45.12816456,36.68387593,2,,RUTAM,POINT (36.68387593 45.12816456)
305,710,Tarragona,TARRAGONA,ESTAR,ES,SPAIN,41.10034765,1.215791353,2,,ESTAR,POINT (1.215791353 41.10034765)
306,342,Tuticorin,TUTICORIN,INTUT,IN,INDIA,8.76020653,78.20172884,2,,INTUT,POINT (78.20172884 8.76020653)
307,10,Galveston,GALVESTON,USGLS,US,UNITED STATES,29.31840697,-94.77985686,2,,USGLS,POINT (-94.77985686 29.31840697)
308,1072,Nouadhibou,NOUADHIBOU,MRNDB,MR,MAURITANIA,20.90019023,-17.05199556,2,,MRNDB,POINT (-17.05199556 20.90019023)
309,326,Yuzhny,YUZHNYY,UAYUZ,UA,UKRAINE,46.63203508,31.01925265,2,,UAYUZ,POINT (31.01925265 46.63203508)
310,649,Boston,BOSTON,USBOS,US,UNITED STATES,42.35848354,-71.03995781,2,,USBOS,POINT (-71.03995781 42.35848354)
311,798,Nikolaev,MYKOLAYIV,UANLV,UA,UKRAINE,46.94762639,32.00351356,2,,UANLV,POINT (32.00351356 46.94762639)
312,78,Manzanillo,MANZANILLO,MXZLO,MX,MEXICO,9.360054,-79.884335,2,Panama Canal,PAPAT/PACTB/MXZLO,POINT (-79.88433499999999 9.360054)
313,1132,Basrah,AL BASRAH,IQBSR,IQ,IRAQ,30.54325,47.80325,1,,IQBSR,POINT (47.80325 30.54325)
314,818,Grenada,ST GEORGE'S,GDSTG,GD,GRENADA,12.04640107,-61.75262856,1,,GDSTG,POINT (-61.75262856 12.04640107)
315,479,Dandong,DANDONG,CNDDG,CN,CHINA,39.82997732,124.1623978,1,,CNDDG,POINT (124.1623978 39.82997732)
316,1129,Vung tau,VUNG TAU,VNVUT,VN,VIETNAM,10.39457,107.0985,1,,VNVUT,POINT (107.0985 10.39457)
317,1155,Duqm,DUQM,OMAN,OM,OMAN,19.6746,57.706465,1,,OMAN,POINT (57.706465 19.6746)
318,703,Gijon,GIJON,ESGIJ,ES,SPAIN,43.55831972,-5.698681847,1,,ESGIJ,POINT (-5.698681847 43.55831972)
"319,632,""Jacksonville, FL"",JACKSONVILLE,USJAX,US,UNITED STATES,30.3959887,-81.6225771,1,,USJAX,POINT (-81.6225771 30.3959887)"
320,1135,Navlakhi,NAVLAKHI,INNAV,IN,INDIA,22.957445,70.45,1,,INNAV,POINT (70.45 22.957445)
321,1128,Phu My,PHU MY,VNPHU,VN,VIETNAM,10.6097,107.0125,1,,VNPHU,POINT (107.0125 10.6097)
322,1156,Rijeka,RIJEKA LUKA,HRRJK,HR,CROATIA,45.32088,14.447785,1,,HRRJK,POINT (14.447785 45.32088)
323,352,Krishnapatnam,KRISHNAPATNAM,INKRI,IN,INDIA,14.24632465,80.13481916,1,,INKRI,POINT (80.13481916000001 14.24632465)
